mes;dia;hora;reflectancia;nc;N;Hext;RadSolar
1;1;7.0;-0.049341182425465625;0.0002525642059069316;12.0305611878352;10007.674711289563;262.7064419412403
1;1;10.0;-0.06998656048494105;0.0011813716917363363;12.0305611878352;10007.674711289563;430.0633428525324
1;1;13.0;-0.07282171519650762;0.09883293940556942;12.0305611878352;10007.674711289563;471.54493398199116
1;1;16.0;-0.050905846056185644;0.03269009360324028;12.0305611878352;10007.674711289563;598.2875417231792
1;2;7.0;-0.04934481544726925;0.0;12.030443720222841;10013.514241161498;262.1068637590059
1;2;10.0;-0.06998091010730977;0.001453559924617794;12.030443720222841;10013.514241161498;430.0633428525324
1;2;13.0;-0.07292569730730897;0.09451813683970076;12.030443720222841;10013.514241161498;471.54493398199116
1;2;16.0;-0.050977742881445715;0.028017418279782588;12.030443720222841;10013.514241161498;599.6928878770253
1;3;7.0;-0.049317192778707004;0.001920301536174127;12.030315133011248;10019.768256039792;262.1068637590059
1;3;10.0;-0.06995919549335305;0.00249958955064791;12.030315133011248;10019.768256039792;428.8890660668181
1;3;13.0;-0.07304629757877694;0.0895137533283041;12.030315133011248;10019.768256039792;477.4970492417314
1;3;16.0;-0.05101497672433093;0.02559753870626988;12.030315133011248;10019.768256039792;604.0158581151205
1;4;7.0;-0.04929695571057928;0.003327163184090599;12.030175527568106;10026.427633442583;260.80348181456145
1;4;10.0;-0.06994636483603774;0.0031176639819971933;12.030175527568106;10026.427633442583;424.8085660668181
1;4;13.0;-0.07313007230024365;0.08603746899099052;12.030175527568106;10026.427633442583;473.41654924173145
1;4;16.0;-0.051058593842566405;0.022762801131669074;12.030175527568106;10026.427633442583;588.6866291406959
1;5;7.0;-0.04924429274670743;0.006988242134327283;12.030025013436976;10033.482516189617;263.5164545036371
1;5;10.0;-0.06990904599620916;0.004915375520760195;12.030025013436976;10033.482516189617;423.28988945696966
1;5;13.0;-0.0732509859934492;0.08102007984903803;12.030025013436976;10033.482516189617;468.5349767985496
1;5;16.0;-0.051099645901048076;0.020094770381346393;12.030025013436976;10033.482516189617;583.7646780117594
1;6;7.0;-0.049253474008502246;0.006349969583328881;12.02986370805375;10040.92233065297;263.5164545036371
1;6;10.0;-0.06992489495968628;0.0041519041842684205;12.02986370805375;10040.92233065297;421.26958811768395
1;6;13.0;-0.07336237210776565;0.07639804353768674;12.02986370805375;10040.92233065297;469.8017379592639
1;6;16.0;-0.05113651495379152;0.017698599029824614;12.02986370805375;10040.92233065297;580.9166571784261
1;10;7.0;-0.04913688169336629;0.014455355974841199;12.029113181695301;10074.295494547621;264.3536220900616
1;10;10.0;-0.0698916368814221;0.005754001980642561;12.029113181695301;10074.295494547621;422.4001823021759
1;10;13.0;-0.07379082514035117;0.058619117623342765;12.029113181695301;10074.295494547621;471.9399642460286
1;10;16.0;-0.05127289425192713;0.008835117523880144;12.029113181695301;10074.295494547621;583.7345957749174
1;11;7.0;-0.04909813090896846;0.01714927349549707;12.028899935955112;10083.477736043835;264.3536220900616
1;11;10.0;-0.06986458204416032;0.007057279181870041;12.028899935955112;10083.477736043835;422.4001823021759
1;11;13.0;-0.07390084101765867;0.05405394015161748;12.028899935955112;10083.477736043835;472.189216697009
1;11;16.0;-0.05130114267219252;0.006999213145303352;12.028899935955112;10083.477736043835;585.9527207749173
1;12;7.0;-0.04906066933358497;0.019753566436792987;12.028676751484122;10092.967612807997;265.3455817970213
1;12;10.0;-0.06989697039348568;0.0054970776972812245;12.028676751484122;10092.967612807997;422.4001823021759
1;12;13.0;-0.07400091954858182;0.049901119068378186;12.028676751484122;10092.967612807997;471.2311489314412
1;12;16.0;-0.051345379692666344;0.004124187256418373;12.028676751484122;10092.967612807997;585.9527207749173
1;13;7.0;-0.04905917539030477;0.01985742394677486;12.028443791787032;10102.750157171624;268.40087312589264
1;13;10.0;-0.06989141635142511;0.005764625283029402;12.028443791787032;10102.750157171624;425.4369122128902
1;13;13.0;-0.07414836403894358;0.0437828179449131;12.028443791787032;10102.750157171624;474.26787884215554
1;13;16.0;-0.05137583904436158;0.0021445913490882812;12.028443791787032;10102.750157171624;585.9527207749173
1;14;7.0;-0.04904076824556842;0.02113707106827386;12.028201225508724;10112.809876429083;268.40087312589264
1;14;10.0;-0.06988063757128794;0.0062838573254878965;12.028201225508724;10112.809876429083;424.6774479271759
1;14;13.0;-0.07424039148726534;0.03996408155757712;12.028201225508724;10112.809876429083;473.5084145564412
1;14;16.0;-0.05140883712336476;0.0;12.028201225508724;10112.809876429083;577.8508321879609
1;22;7.0;-0.04880408689205845;0.037590932711104884;12.025936489045597;10201.256943507817;264.38055062541514
1;22;8.0;-0.05363869577519209;0.0;12.025936489045597;10201.256943507817;276.32619097058836
1;22;9.0;-0.06110534435732068;0.0;12.025936489045597;10201.256943507817;427.36286001410747
1;22;10.0;-0.07001108467583113;0.0;12.025936489045597;10201.256943507817;420.71191446310706
1;22;11.0;-0.0774368579602438;0.0;12.025936489045597;10201.256943507817;433.89488405732436
1;22;12.0;-0.07962659363617737;0.0;12.025936489045597;10201.256943507817;450.7661057037335
1;22;13.0;-0.07520348295973861;0.0;12.025936489045597;10201.256943507817;465.3267478897746
1;22;14.0;-0.06679824330415111;0.0;12.025936489045597;10201.256943507817;444.66284730497927
6;1;6.0;-0.04228530528030333;0.0;11.970870557386986;9343.801945080315;267.9003218381058
6;1;7.0;-0.04450816884528892;0.33623905231259327;11.970870557386986;9343.801945080315;210.5885086385589
6;1;8.0;-0.049158694051327397;0.2958423251233736;11.970870557386986;9343.801945080315;272.4921360465678
6;1;9.0;-0.055880336871783357;0.29806333390365175;11.970870557386986;9343.801945080315;486.04246391453336
6;1;10.0;-0.06333689265001811;0.32150710128819754;11.970870557386986;9343.801945080315;311.7157829297046
6;1;11.0;-0.06880716109209581;0.3634929257218215;11.970870557386986;9343.801945080315;323.44928804953474
6;1;12.0;-0.06936928873363452;0.40759581786505944;11.970870557386986;9343.801945080315;318.89458335161464
6;1;13.0;-0.06470398081180231;0.43568339264443956;11.970870557386986;9343.801945080315;307.9777690804455
6;1;14.0;-0.0573645936598708;0.44379574777180425;11.970870557386986;9343.801945080315;453.3626414540414
6;1;15.0;-0.05033393870713737;0.0;11.970870557386986;9343.801945080315;661.6443177957705
6;1;16.0;-0.0452256038178366;0.40185698855842444;11.970870557386986;9343.801945080315;464.73650632067296
6;1;17.0;-0.04252790509936189;0.0;11.970870557386986;9343.801945080315;510.3911398631613
6;1;18.0;-0.04230537769056654;0.0;11.970870557386986;9343.801945080315;496.18171516979913
6;2;6.0;-0.04226454846945805;0.002353696728450665;11.970677866424776;9331.915346785767;262.1685103509819
6;2;7.0;-0.04447625522229451;0.3384576569026226;11.970677866424776;9331.915346785767;205.01495965143494
6;2;8.0;-0.0490998887570237;0.2997256037622402;11.970677866424776;9331.915346785767;266.2636127629071
6;2;9.0;-0.05579537240906852;0.30291017691588007;11.970677866424776;9331.915346785767;475.08818614423285
6;2;10.0;-0.0632224423752363;0.32702036430856374;11.970677866424776;9331.915346785767;291.42014605986725
6;2;11.0;-0.06866703063808162;0.36939538434703123;11.970677866424776;9331.915346785767;316.30297356540774
6;2;12.0;-0.0692623211338878;0.411846402859663;11.970677866424776;9331.915346785767;319.3370483597346
6;2;13.0;-0.06462187364487498;0.43909048076569435;11.970677866424776;9331.915346785767;306.3138704257337
6;2;14.0;-0.05732695833130387;0.445566260713646;11.970677866424776;9331.915346785767;462.20433149515173
6;2;15.0;-0.05030265711624078;0.003048535109182835;11.970677866424776;9331.915346785767;655.3215158164996
6;2;16.0;-0.04520345064528142;0.40329675425545575;11.970677866424776;9331.915346785767;449.44497854289517
6;2;17.0;-0.04250675935420652;0.00242273601383149;11.970677866424776;9331.915346785767;503.6265533164049
6;2;18.0;-0.04227909592009217;0.0029670054391356462;11.970677866424776;9331.915346785767;489.41712862304274
6;3;6.0;-0.04224110156111783;0.0050124342322033525;11.97049427557584;9320.514598164322;243.92302756398328
6;3;7.0;-0.044435885183084556;0.3412641434712751;11.97049427557584;9320.514598164322;180.06252569040635
6;3;8.0;-0.04904143766685959;0.30358549210291474;11.97049427557584;9320.514598164322;246.326633710317
6;3;9.0;-0.05570984736285376;0.30778899871232634;11.97049427557584;9320.514598164322;476.21017979808096
6;3;10.0;-0.06311324509800235;0.33228058156576407;11.97049427557584;9320.514598164322;285.82571768827535
6;3;11.0;-0.0685542004736053;0.37414792284540516;11.97049427557584;9320.514598164322;328.8166842887122
6;3;12.0;-0.06915378866588079;0.416159171221581;11.97049427557584;9320.514598164322;332.18603481833316
6;3;13.0;-0.06454492595775546;0.44228347305313964;11.97049427557584;9320.514598164322;305.148463993404
6;3;16.0;-0.045195662453397095;0.4038029197488637;11.97049427557584;9320.514598164322;443.8992327907972
6;4;7.0;-0.04439268105343971;0.3442676533001359;11.970319900914125;9309.609915823992;169.74798314361493
6;4;10.0;-0.06300790180193393;0.337355146041601;11.970319900914125;9309.609915823992;288.0496785929806
6;4;13.0;-0.06446998981531242;0.4453929950391596;11.970319900914125;9309.609915823992;303.22715124232207
6;4;14.0;-0.05724194118923046;0.4495657993400106;11.970319900914125;9309.609915823992;450.5066257120888
6;4;15.0;-0.050278107139861306;0.005441043379297738;11.970319900914125;9309.609915823992;656.4135779907796
6;4;16.0;-0.0451881127052558;0.40429358844961005;11.970319900914125;9309.609915823992;449.6446240497289
6;4;17.0;-0.042468965919497934;0.0067528513482464055;11.970319900914125;9309.609915823992;502.54802238541424
6;4;18.0;-0.04221947955884529;0.009697224328060703;11.970319900914125;9309.609915823992;493.5163476920521
6;5;6.0;-0.04217765403120297;0.01220700013647404;11.970154853735393;9299.21103465834;231.87072333967504
6;5;7.0;-0.044350227449078426;0.34721898732810613;11.970154853735393;9299.21103465834;167.57776818366068
6;5;8.0;-0.04890555750593614;0.31255850265592244;11.970154853735393;9299.21103465834;231.58294457526907
6;5;9.0;-0.055513990442236885;0.31896176102678364;11.970154853735393;9299.21103465834;482.4288684235659
6;5;10.0;-0.0628757959502598;0.3437189080176858;11.970154853735393;9299.21103465834;290.7588460450382
6;5;11.0;-0.06828692116577735;0.3854060399115885;11.970154853735393;9299.21103465834;320.5109466998423
6;5;12.0;-0.06891580161095576;0.42561609282185614;11.970154853735393;9299.21103465834;303.1147857721262
6;5;13.0;-0.06439117876787664;0.44866330862554515;11.970154853735393;9299.21103465834;306.53019527243407
6;5;14.0;-0.057167349896544414;0.4530748652649828;11.970154853735393;9299.21103465834;451.83597908978703
6;5;15.0;-0.05024385416552326;0.008779153490406465;11.970154853735393;9299.21103465834;662.3753672694357
6;5;16.0;-0.045159564294700125;0.40614898961711515;11.970154853735393;9299.21103465834;450.090329129689
6;5;17.0;-0.04245197945900253;0.008699044744949175;11.970154853735393;9299.21103465834;507.3823348854143
6;5;18.0;-0.04219549868299315;0.012404476838233487;11.970154853735393;9299.21103465834;498.3506601920521
6;6;7.0;-0.0442874966529411;0.35157997236170213;11.969999240308518;9289.327195670314;179.77783052010295
6;6;10.0;-0.06277301674541363;0.34866995588909777;11.969999240308518;9289.327195670314;258.13344748092817
6;6;12.0;-0.06885137900102602;0.42817606219322624;11.969999240308518;9289.327195670314;278.5583749747469
6;6;13.0;-0.06432613394103319;0.45136238429921377;11.969999240308518;9289.327195670314;283.14249406617057
6;6;14.0;-0.057132885883121286;0.4546961871483547;11.969999240308518;9289.327195670314;434.4249702793342
6;6;15.0;-0.05022673231335287;0.010447756843996384;11.969999240308518;9289.327195670314;676.6485306904414
6;6;16.0;-0.045152256093370924;0.40662395985239735;11.969999240308518;9289.327195670314;422.9601994822207
6;6;17.0;-0.04244453236381398;0.009552282385863252;11.969999240308518;9289.327195670314;504.25267947158574
6;6;18.0;-0.04217381435835884;0.014852466755683622;11.969999240308518;9289.327195670314;493.87601861964527
6;7;7.0;-0.04425859840260809;0.3535889511242781;11.969853161634635;9279.967134391678;156.36019275509017
6;7;10.0;-0.0626985107652206;0.3522590347810229;11.969853161634635;9279.967134391678;266.9883873642118
6;7;13.0;-0.06427434564893535;0.453511371792386;11.969853161634635;9279.967134391678;294.3304370282008
6;7;16.0;-0.04512527639774742;0.4083774080403853;11.969853161634635;9279.967134391678;425.72596980095426
6;8;7.0;-0.04424419669111228;0.35459014435246394;11.969716713215195;9271.139069924366;156.26263697705815
6;8;10.0;-0.0625795143716922;0.35799129201891755;11.969716713215195;9271.139069924366;273.042673552975
6;8;13.0;-0.06420016430083303;0.4565895731162943;11.969716713215195;9271.139069924366;296.340390512291
6;8;16.0;-0.04511142653630996;0.40927752992390426;11.969716713215195;9271.139069924366;448.5041737119312
6;9;7.0;-0.04418814241200733;0.3584869842986771;11.969589984829861;9262.85069462887;154.89600282135638
6;9;10.0;-0.06251833393418242;0.36093845701555466;11.969589984829861;9262.85069462887;274.6297039124235
6;9;13.0;-0.06414224464115297;0.45899298553287077;11.969589984829861;9262.85069462887;317.9803047859747
6;9;16.0;-0.04510376869759378;0.4097752235824306;11.969589984829861;9262.85069462887;471.19288094982227
6;10;7.0;-0.04416465129519782;0.36012006430302584;11.969473060325301;9255.109164483469;172.23576180652884
6;10;10.0;-0.062441540021754956;0.364637749467082;11.969473060325301;9255.109164483469;276.46255971290407
6;10;13.0;-0.06411176319882712;0.4602578320006463;11.969473060325301;9255.109164483469;325.38415374403417
6;10;14.0;-0.05702891061235095;0.4595875902406112;11.969473060325301;9255.109164483469;486.04422533590355
6;10;15.0;-0.05014291450788367;0.018616188033836058;11.969473060325301;9255.109164483469;695.6225516569408
6;10;16.0;-0.045073226771604344;0.4117601861087378;11.969473060325301;9255.109164483469;494.00879310531406
6;10;17.0;-0.042360676379836294;0.01915993209814771;11.969473060325301;9255.109164483469;521.8930462223148
6;10;18.0;-0.04207438460260184;0.026077305144355144;11.969473060325301;9255.109164483469;507.2453920015356
6;11;7.0;-0.04413126402514204;0.3624411154292883;11.969366017415764;9247.921090136699;173.14302096705035
6;11;10.0;-0.06234603132203608;0.36923856482805145;11.969366017415764;9247.921090136699;283.1564216167166
6;11;11.0;-0.06772993554811767;0.4088669255998646;11.969366017415764;9247.921090136699;311.4074698362036
6;11;12.0;-0.06843701883120293;0.44464154449237064;11.969366017415764;9247.921090136699;307.5497248898323
6;11;13.0;-0.06407774691043952;0.46166935911127177;11.969366017415764;9247.921090136699;323.57215266178304
6;11;14.0;-0.05701804106091702;0.4600989364203466;11.969366017415764;9247.921090136699;492.65678898935533
6;11;15.0;-0.05013217031066502;0.019663259538265632;11.969366017415764;9247.921090136699;724.6396726390306
6;11;16.0;-0.04508641870599282;0.4109028238251774;11.969366017415764;9247.921090136699;477.7277747186526
6;11;17.0;-0.042355864343166155;0.01971126261192078;11.969366017415764;9247.921090136699;511.92425974596114
6;11;18.0;-0.042056629158337376;0.028081755330019807;11.969366017415764;9247.921090136699;503.1459180251819
6;12;7.0;-0.044110395622144874;0.36389186687434333;11.969268927496355;9241.292528674037;165.14122967704947
6;12;10.0;-0.06227893858025476;0.3724705355061745;11.969268927496355;9241.292528674037;279.8016104030512
6;12;13.0;-0.06403683077426059;0.46336719971106083;11.969268927496355;9241.292528674037;312.6034073851098
6;12;14.0;-0.05699502393390449;0.4611817520303453;11.969268927496355;9241.292528674037;485.66006714769185
6;12;15.0;-0.050137929385100366;0.01910201120947718;11.969268927496355;9241.292528674037;726.5988682315792
6;12;16.0;-0.04508208200077511;0.4111846723683169;11.969268927496355;9241.292528674037;462.2886858428097
6;12;17.0;-0.04235314109489387;0.02002327392272583;11.969268927496355;9241.292528674037;500.14965185929145
6;12;18.0;-0.04203195648895493;0.030867105895618693;11.969268927496355;9241.292528674037;490.37641583704163
6;13;7.0;-0.04408160702579946;0.3658932225964314;11.969181855469854;9235.22897611814;166.78484182127102
6;13;10.0;-0.062208393514517304;0.37586881045956433;11.969181855469854;9235.22897611814;279.94961670557217
6;13;13.0;-0.0640085646391278;0.46454012062465116;11.969181855469854;9235.22897611814;319.51535729555167
6;13;14.0;-0.05697926191113949;0.46192325918220684;11.969181855469854;9235.22897611814;478.76759910591954
6;13;15.0;-0.050117986917972604;0.02104549648181143;11.969181855469854;9235.22897611814;729.674426357481
6;13;16.0;-0.04507245390680105;0.41181041567425286;11.969181855469854;9235.22897611814;450.5443157399468
6;13;17.0;-0.04233071314694649;0.022592916033193543;11.969181855469854;9235.22897611814;506.75368336235795
6;13;18.0;-0.04201907976801535;0.03232078654103903;11.969181855469854;9235.22897611814;496.9804473401081
6;14;7.0;-0.04405180413195004;0.3679650913122477;11.96910485958791;9229.735360680432;167.88574102842352
6;14;10.0;-0.062138647666493976;0.3792285857459423;11.96910485958791;9229.735360680432;277.2199149007346
6;14;12.0;-0.06828856623024941;0.4505406242091921;11.96910485958791;9229.735360680432;316.9463444948472
6;14;13.0;-0.06398130003944758;0.4656714821997432;11.96910485958791;9229.735360680432;320.2821955308458
6;14;14.0;-0.05697125601265333;0.4622998879355763;11.96910485958791;9229.735360680432;480.77829267601305
6;14;15.0;-0.050124088590782816;0.02045086036345772;11.96910485958791;9229.735360680432;720.6248056590414
6;14;16.0;-0.04505316403851316;0.4130640912185559;11.96910485958791;9229.735360680432;454.0495537919018
6;14;17.0;-0.042319514243881765;0.023876010365928714;11.96910485958791;9229.735360680432;509.3713886491216
6;14;18.0;-0.041996462437928754;0.034874105445147616;11.96910485958791;9229.735360680432;498.7230389905082
6;15;7.0;-0.04401286135463007;0.3706723559974795;11.969037991307292;9224.816036780105;161.91935121044696
6;15;10.0;-0.06206936644655167;0.3825659791129914;11.969037991307292;9224.816036780105;266.8465602848643
6;15;13.0;-0.06395651756472304;0.4666998464511124;11.969037991307292;9224.816036780105;309.2797709205829
6;15;14.0;-0.05696200147066617;0.4627352577591701;11.969037991307292;9224.816036780105;468.6986185016331
6;15;15.0;-0.05011996971703045;0.02085226358127647;11.969037991307292;9224.816036780105;720.3323342308197
6;15;16.0;-0.0450349685018689;0.41424664461736227;11.969037991307292;9224.816036780105;459.00390700712666
6;15;17.0;-0.04231059925586471;0.024897429208022067;11.969037991307292;9224.816036780105;504.2188636625946
6;15;18.0;-0.041974145552677415;0.03739350648739727;11.969037991307292;9224.816036780105;492.5709306706477
6;16;7.0;-0.043988817031320175;0.3723438943893699;11.968981295161937;9220.47477984489;164.39521926600253
6;16;10.0;-0.06200727462375621;0.38555704707799177;11.968981295161937;9220.47477984489;275.26390111962536
6;16;13.0;-0.06392030810755192;0.4682023804688064;11.968981295161937;9220.47477984489;304.4956485909713
6;16;14.0;-0.056942925321499215;0.4636326743692187;11.968981295161937;9220.47477984489;457.3555981290671
6;16;15.0;-0.05009205200444901;0.02357297325534473;11.968981295161937;9220.47477984489;716.0900230136604
6;16;16.0;-0.04504717034918125;0.4134536294789223;11.968981295161937;9220.47477984489;460.1175789126721
6;16;17.0;-0.042318323839624986;0.024012398809217246;11.968981295161937;9220.47477984489;491.1856268182191
6;16;18.0;-0.04195844947113236;0.039165470798657155;11.968981295161937;9220.47477984489;479.5376938262723
6;17;7.0;-0.04396059021119589;0.374306195965115;11.968934808651348;9216.714781906145;162.4690696968217
6;17;10.0;-0.06194108425156907;0.38874554908883713;11.968934808651348;9216.714781906145;268.9086340195836
6;17;12.0;-0.06815065932657938;0.45602064822375477;11.968934808651348;9216.714781906145;311.49525078916474
6;17;13.0;-0.06389925334825762;0.4690760608425426;11.968934808651348;9216.714781906145;311.1160242777845
6;17;14.0;-0.05692688245156623;0.4643873936694667;11.968934808651348;9216.714781906145;464.9628408030598
6;17;15.0;-0.0500909387871219;0.023681461411112426;11.968934808651348;9216.714781906145;718.0685003959014
6;17;16.0;-0.0450277324343868;0.41471692677294;11.968934808651348;9216.714781906145;441.2835660352741
6;17;17.0;-0.042294018147755456;0.026797180078485992;11.968934808651348;9216.714781906145;490.69354772366495
6;17;18.0;-0.04194157602016354;0.0410703508694385;11.968934808651348;9216.714781906145;478.3041172848227
6;18;7.0;-0.04391525665442551;0.37745774153393763;11.968898562145915;9213.538647998945;162.4690696968217
6;18;10.0;-0.06188436996711527;0.3914775719503092;11.968898562145915;9213.538647998945;266.93327481628694
6;18;13.0;-0.06391669142286395;0.468352457056513;11.968898562145915;9213.538647998945;305.8856185238163
6;18;16.0;-0.045041988645942374;0.41379039562638703;11.968898562145915;9213.538647998945;445.567730447251
6;19;6.0;-0.04190066666552467;0.043615691061039644;11.9688725788096;9210.948393376013;261.8595883343785
6;19;7.0;-0.043906206065812074;0.37808692981017133;11.9688725788096;9210.948393376013;162.57792088729786
6;19;8.0;-0.04827075023407129;0.3544787676221855;11.9688725788096;9210.948393376013;199.5807416073643
6;19;9.0;-0.05465909357801797;0.3677298078091439;11.9688725788096;9210.948393376013;460.2729611932166
6;19;10.0;-0.06183412347256159;0.3938980304494604;11.9688725788096;9210.948393376013;273.1045248162869
6;19;11.0;-0.06725207096376364;0.42899514082221074;11.9688725788096;9210.948393376013;296.816433505394
6;19;12.0;-0.06810881706430268;0.4576833394741404;11.9688725788096;9210.948393376013;308.6750012851965
6;19;13.0;-0.06389958861201958;0.46906214886355696;11.9688725788096;9210.948393376013;311.77444876649025
6;19;14.0;-0.05696462083015398;0.4626120328519063;11.9688725788096;9210.948393376013;445.68490181010833
6;19;15.0;-0.05012980717473002;0.019893558019229315;11.9688725788096;9210.948393376013;719.4063640734377
6;19;16.0;-0.045055457948938386;0.4129150067687291;11.9688725788096;9210.948393376013;447.112324197251
6;19;17.0;-0.04229284067697483;0.026932086691825986;11.9688725788096;9210.948393376013;493.18220636363606
6;19;18.0;-0.04190830071931898;0.04482687095209286;11.9688725788096;9210.948393376013;479.40339280791073
6;20;6.0;-0.04188456134712185;0.04544193669761286;11.968856874540357;9208.945441542419;262.0583778080627
6;20;7.0;-0.04386561509643298;0.38090877523317307;11.968856874540357;9208.945441542419;162.36567088729788
6;20;8.0;-0.04822509811069944;0.3574934607311644;11.968856874540357;9208.945441542419;200.43240026121032
6;20;9.0;-0.05460380066115184;0.37088402169074974;11.968856874540357;9208.945441542419;460.3829463122642
6;20;10.0;-0.06176293801275386;0.397327154266716;11.968856874540357;9208.945441542419;274.2824273460488
6;20;11.0;-0.06720525658806746;0.43096701708248253;11.968856874540357;9208.945441542419;293.3146065823171
6;20;12.0;-0.06808789162067294;0.458514856465347;11.968856874540357;9208.945441542419;307.3316419101965
6;20;13.0;-0.06388069531265012;0.46984613810909975;11.968856874540357;9208.945441542419;310.4310893914902
6;20;14.0;-0.056954748758402715;0.463076453689028;11.968856874540357;9208.945441542419;448.431648272898
6;20;15.0;-0.050107372182641836;0.02207995132899301;11.968856874540357;9208.945441542419;714.990203359152
6;20;16.0;-0.04504740570168061;0.41343833359051435;11.968856874540357;9208.945441542419;449.7119402103229
6;20;17.0;-0.04227461324100425;0.029020462638914567;11.968856874540357;9208.945441542419;490.90632072150044
6;20;18.0;-0.0418938958233948;0.046453070549221286;11.968856874540357;9208.945441542419;477.1275071657751
6;21;7.0;-0.043865617115762326;0.3809086348513258;11.968851457928585;9207.530623115965;162.36567088729788
6;21;10.0;-0.06175444971862511;0.39773604972996623;11.968851457928585;9207.530623115965;274.2053617210488
6;21;13.0;-0.0639059875172308;0.4687966222993111;11.968851457928585;9207.530623115965;310.4310893914902
6;21;14.0;-0.05697855697416999;0.4619564221722804;11.968851457928585;9207.530623115965;448.431648272898
6;21;15.0;-0.05014825638017184;0.018095597975833724;11.968851457928585;9207.530623115965;714.9567360972472
6;21;16.0;-0.04506078460492869;0.4125688199390269;11.968851457928585;9207.530623115965;449.7119402103229
6;21;17.0;-0.04228468724771582;0.02786625129831701;11.968851457928585;9207.530623115965;490.90632072150044
6;21;18.0;-0.04187819327428652;0.04822576499756511;11.968851457928585;9207.530623115965;477.1275071657751
6;22;6.0;-0.041861703130647014;0.048033920106628214;11.968856330233814;9206.704175516335;255.61351346045376
6;22;7.0;-0.043842874454366514;0.38248968295016006;11.968856330233814;9206.704175516335;164.18871370679722
6;22;8.0;-0.04818192294411459;0.360344585006856;11.968856330233814;9206.704175516335;202.61527838454901
6;22;9.0;-0.05454725571770926;0.37410965809501134;11.968856330233814;9206.704175516335;457.7546129789309
6;22;10.0;-0.061718334226217385;0.3994757939912483;11.968856330233814;9206.704175516335;275.9734919293822
6;22;11.0;-0.06715871071239286;0.4329275838077973;11.968856330233814;9206.704175516335;293.65895241565045
6;22;12.0;-0.06808161294804273;0.4587643528710924;11.968856330233814;9206.704175516335;308.53053774352986
6;22;13.0;-0.0639165193733164;0.4683595963598366;11.968856330233814;9206.704175516335;311.6299852248236
6;22;14.0;-0.056997480821244534;0.46106617044788445;11.968856330233814;9206.704175516335;444.8560336384859
6;22;15.0;-0.05014776611271231;0.01814337679783212;11.968856330233814;9206.704175516335;716.5172367070493
6;22;16.0;-0.045056894927720366;0.4128216155060329;11.968856330233814;9206.704175516335;448.45798142614035
6;22;17.0;-0.04227314077428721;0.029189167885209675;11.968856330233814;9206.704175516335;492.49554620538674
6;22;18.0;-0.04186759954621704;0.049421713681216915;11.968856330233814;9206.704175516335;477.67152059609003
6;23;6.0;-0.04184126249867424;0.05035176406446914;11.96887148537975;9206.465743483974;264.9437397047977
6;23;7.0;-0.043822070510965684;0.38393595322564306;11.96887148537975;9206.465743483974;162.0677553734639
6;23;8.0;-0.04814788487014319;0.3625923303353406;11.96887148537975;9206.465743483974;201.24857508784572
6;23;9.0;-0.054508544756813666;0.3763179454697363;11.96887148537975;9206.465743483974;464.06617847766825
6;23;10.0;-0.06168617298990492;0.4010250550584568;11.96887148537975;9206.465743483974;277.6776916835754
6;23;11.0;-0.06714558373052988;0.43348050763770424;11.96887148537975;9206.465743483974;287.98248750336967
6;23;12.0;-0.06807651318245561;0.4589670028990627;11.96887148537975;9206.465743483974;308.53053774352986
6;23;13.0;-0.06393871757332895;0.467438468200063;11.96887148537975;9206.465743483974;312.5218245105379
6;23;14.0;-0.057017859465870006;0.4601074793610662;11.96887148537975;9206.465743483974;446.38869462333435
6;23;15.0;-0.050170823313001066;0.015896346433164774;11.96887148537975;9206.465743483974;720.0172454605506
6;23;16.0;-0.04506894134796487;0.4120387017903174;11.96887148537975;9206.465743483974;449.31945664023783
6;23;17.0;-0.04226863327373574;0.02970560671667064;11.96887148537975;9206.465743483974;495.2134062725698
6;23;18.0;-0.04185571983649528;0.05076283959182443;11.96887148537975;9206.465743483974;480.389380663273
6;24;6.0;-0.041833115595543854;0.051275573573931685;11.968896909967714;9206.814380427779;272.35862432018234
6;24;7.0;-0.04379893382275565;0.38554439369226917;11.968896909967714;9206.814380427779;168.82917951876306
6;24;8.0;-0.04811936031340378;0.3644759838937638;11.968896909967714;9206.814380427779;201.0300683507919
6;24;9.0;-0.0544693597617025;0.378553274378673;11.968896909967714;9206.814380427779;460.79242847766824
6;24;10.0;-0.06165381477901115;0.4025838047238983;11.968896909967714;9206.814380427779;276.82441911413093
6;24;13.0;-0.06393157834612993;0.4677347148871059;11.968896909967714;9206.814380427779;310.61232302244264
6;24;16.0;-0.045051022791535215;0.4132032538572269;11.968896909967714;9206.814380427779;447.1129118620993
6;25;7.0;-0.04378486724053444;0.386522289053365;11.968932583308362;9207.748550598644;168.53720583455254
6;25;10.0;-0.06162500357724525;0.4039716889694457;11.968932583308362;9207.748550598644;276.83921078079754
6;25;11.0;-0.0671203382723166;0.43454387586573595;11.968932583308362;9207.748550598644;285.48727917003635
6;25;12.0;-0.06809661756867645;0.45816811236960925;11.968932583308362;9207.748550598644;306.0353294101965
6;25;13.0;-0.06397695459136621;0.4658517992791604;11.968932583308362;9207.748550598644;310.86486906712867
6;25;14.0;-0.057060428987915815;0.4581048426742075;11.968932583308362;9207.748550598644;441.6817450667635
6;25;15.0;-0.05020272959784164;0.01278693202193421;11.968932583308362;9207.748550598644;716.90139103083
6;25;16.0;-0.04507966679468105;0.41134163999346557;11.968932583308362;9207.748550598644;447.64918417488377
6;25;17.0;-0.042258988273354524;0.030810665422585492;11.968932583308362;9207.748550598644;487.92877755233167
6;25;18.0;-0.041834523755198985;0.053155710671640356;11.968932583308362;9207.748550598644;471.78621027636825
6;26;7.0;-0.04377235587299118;0.3873920673754276;11.96897847747164;9209.266132083945;167.69439186767795
6;26;10.0;-0.06160413601914002;0.40497691448459827;11.96897847747164;9209.266132083945;279.21782685222615
6;26;13.0;-0.06400392031146603;0.4647328398987389;11.96897847747164;9209.266132083945;309.9699385115731
6;26;16.0;-0.0450671875536077;0.4121526833407617;11.96897847747164;9209.266132083945;446.7014815661159
6;27;7.0;-0.04373579021063505;0.3899340772987438;11.969034557354636;9211.364420616072;165.43941666926526
6;27;10.0;-0.06156936591512541;0.40665184911488644;11.969034557354636;9211.364420616072;283.1866050809419
6;27;13.0;-0.06403229343118877;0.463555479592837;11.969034557354636;9211.364420616072;315.0593173784009
6;27;16.0;-0.04509254505739547;0.41050466367111743;11.969034557354636;9211.364420616072;447.9202533068827
6;28;7.0;-0.04371820911845813;0.3911562980352693;11.96910078076706;9214.040134186158;165.05052381212232
6;28;10.0;-0.06156500433003536;0.40686195403453806;11.96910078076706;9214.040134186158;279.5786668778708
6;28;11.0;-0.06711978352731125;0.43456724237421296;11.96910078076706;9214.040134186158;290.14265931072896
6;28;12.0;-0.06812725214060714;0.45695078252325383;11.96910078076706;9214.040134186158;308.09717773191153
6;28;13.0;-0.06404333236519452;0.4630974121386816;11.96910078076706;9214.040134186158;316.2026507117343
6;28;14.0;-0.05712015794898035;0.45529495891354227;11.96910078076706;9214.040134186158;452.64828772831805
6;28;15.0;-0.05023516336500295;0.009626112029076992;11.96910078076706;9214.040134186158;700.9615466490064
6;28;16.0;-0.045087072583884655;0.41086032738561046;11.96910078076706;9214.040134186158;443.4007902073604
6;28;17.0;-0.04224982708297629;0.03186029246083062;11.96910078076706;9214.040134186158;489.81362849112065
6;28;18.0;-0.04180920682232606;0.05601379352452315;11.96910078076706;9214.040134186158;474.71211471894514
6;29;7.0;-0.04372935655483574;0.39038133890515925;11.969177098533951;9217.289418452234;165.13053509031784
6;29;10.0;-0.06157334940889373;0.4064599574927245;11.969177098533951;9217.289418452234;285.5791707479138
6;29;13.0;-0.0641131057881599;0.46020212041859304;11.969177098533951;9217.289418452234;315.6820808919503
6;29;16.0;-0.045124612392150175;0.40842056269370486;11.969177098533951;9217.289418452234;443.77377203563935
6;30;7.0;-0.04370033499864315;0.39239888977332427;11.96926345461511;9221.107852929164;172.2421192072548
6;30;10.0;-0.06157119884953801;0.40656355356876367;11.96926345461511;9221.107852929164;283.3389467219398
6;30;13.0;-0.06415680582773105;0.4583887600105669;11.96926345461511;9221.107852929164;308.1974254830476
6;30;16.0;-0.045121244302925245;0.4086394595274886;11.96926345461511;9221.107852929164;449.82768354707764
